Date,Open,High,Low,Close,Volume,Dividends,Stock Splits
2018-11-05,2.25,2.25,2.25,2.25,0.0,0.0,0.0
2018-11-06,2.25,2.25,2.25,2.25,0.0,0.0,0.0
2018-11-07,2.25,2.25,2.25,2.25,0.0,0.0,0.0
2018-11-09,2.25,2.25,2.25,2.25,0.0,0.0,0.0
2018-11-12,2.200000047683716,2.200000047683716,2.200000047683716,2.200000047683716,800.0,0.0,0.0
2018-11-13,2.200000047683716,2.200000047683716,2.200000047683716,2.200000047683716,500.0,0.0,0.0
2018-11-14,2.200000047683716,2.200000047683716,2.200000047683716,2.200000047683716,0.0,0.0,0.0
2018-11-15,2.25,2.25,2.25,2.25,142.0,0.0,0.0
2018-11-16,2.450000047683716,2.450000047683716,2.450000047683716,2.450000047683716,500.0,0.0,0.0
2018-11-19,2.5,2.5,2.5,2.5,400.0,0.0,0.0
2018-11-20,2.5,2.5,2.5,2.5,300.0,0.0,0.0
2018-11-21,2.5,2.5,2.5,2.5,0.0,0.0,0.0
2018-11-22,2.5,2.5,2.5,2.5,400.0,0.0,0.0
2018-11-26,2.5,2.5,2.5,2.5,0.0,0.0,0.0
2018-11-27,2.5,2.5,2.5,2.5,0.0,0.0,0.0
2018-11-28,2.5,2.5,2.5,2.5,0.0,0.0,0.0
2018-11-29,2.5,2.5,2.5,2.5,0.0,0.0,0.0
2018-11-30,2.5999999046325684,2.5999999046325684,2.5999999046325684,2.5999999046325684,300.0,0.0,0.0
2018-12-03,2.5999999046325684,2.5999999046325684,2.5999999046325684,2.5999999046325684,100.0,0.0,0.0
2018-12-04,2.5999999046325684,2.5999999046325684,2.5999999046325684,2.5999999046325684,0.0,0.0,0.0
2018-12-05,2.5999999046325684,2.5999999046325684,2.5999999046325684,2.5999999046325684,0.0,0.0,0.0
2018-12-06,2.5,2.5,2.5,2.5,150.0,0.0,0.0
2018-12-07,2.5,2.5,2.5,2.5,0.0,0.0,0.0
2018-12-10,2.5,2.5,2.5,2.5,0.0,0.0,0.0
2018-12-11,2.5,2.5,2.5,2.5,0.0,0.0,0.0
2018-12-12,2.5,2.5,2.5,2.5,0.0,0.0,0.0
2018-12-13,2.5999999046325684,2.5999999046325684,2.5999999046325684,2.5999999046325684,150.0,0.0,0.0
2018-12-14,2.5999999046325684,2.5999999046325684,2.5999999046325684,2.5999999046325684,0.0,0.0,0.0
2018-12-17,2.549999952316284,2.549999952316284,2.549999952316284,2.549999952316284,50.0,0.0,0.0
2018-12-18,2.549999952316284,2.549999952316284,2.549999952316284,2.549999952316284,0.0,0.0,0.0
2018-12-19,2.5,2.5,2.5,2.5,9.0,0.0,0.0
2018-12-20,2.5,2.5,2.5,2.5,0.0,0.0,0.0
2018-12-21,2.5,2.5,2.5,2.5,0.0,0.0,0.0
2018-12-24,2.450000047683716,2.450000047683716,2.450000047683716,2.450000047683716,7.0,0.0,0.0
2018-12-26,2.450000047683716,2.450000047683716,2.450000047683716,2.450000047683716,0.0,0.0,0.0
2018-12-27,2.450000047683716,2.450000047683716,2.450000047683716,2.450000047683716,0.0,0.0,0.0
2018-12-28,2.3499999046325684,2.3499999046325684,2.3499999046325684,2.3499999046325684,475.0,0.0,0.0
2018-12-31,2.299999952316284,2.299999952316284,2.299999952316284,2.299999952316284,40.0,0.0,0.0
2019-01-01,2.299999952316284,2.299999952316284,2.299999952316284,2.299999952316284,0.0,0.0,0.0
2019-01-02,2.299999952316284,2.299999952316284,2.299999952316284,2.299999952316284,0.0,0.0,0.0
2019-01-03,2.299999952316284,2.299999952316284,2.299999952316284,2.299999952316284,0.0,0.0,0.0
2019-01-04,2.299999952316284,2.299999952316284,2.299999952316284,2.299999952316284,0.0,0.0,0.0
2019-01-07,2.299999952316284,2.299999952316284,2.299999952316284,2.299999952316284,0.0,0.0,0.0
2019-01-08,2.299999952316284,2.299999952316284,2.299999952316284,2.299999952316284,0.0,0.0,0.0
2019-01-09,2.4000000953674316,2.4000000953674316,2.4000000953674316,2.4000000953674316,100.0,0.0,0.0
2019-01-10,2.4000000953674316,2.4000000953674316,2.4000000953674316,2.4000000953674316,0.0,0.0,0.0
2019-01-11,2.4000000953674316,2.4000000953674316,2.4000000953674316,2.4000000953674316,0.0,0.0,0.0
2019-01-14,2.4000000953674316,2.4000000953674316,2.4000000953674316,2.4000000953674316,0.0,0.0,0.0
2019-01-15,2.4000000953674316,2.4000000953674316,2.4000000953674316,2.4000000953674316,0.0,0.0,0.0
2019-01-16,2.4000000953674316,2.4000000953674316,2.4000000953674316,2.4000000953674316,0.0,0.0,0.0
2019-01-17,2.4000000953674316,2.4000000953674316,2.4000000953674316,2.4000000953674316,0.0,0.0,0.0
2019-01-18,2.3499999046325684,2.3499999046325684,2.3499999046325684,2.3499999046325684,175.0,0.0,0.0
2019-01-21,2.3499999046325684,2.3499999046325684,2.3499999046325684,2.3499999046325684,0.0,0.0,0.0
2019-01-22,2.3499999046325684,2.3499999046325684,2.3499999046325684,2.3499999046325684,0.0,0.0,0.0
2019-01-23,2.3499999046325684,2.3499999046325684,2.3499999046325684,2.3499999046325684,0.0,0.0,0.0
2019-01-24,2.299999952316284,2.299999952316284,2.299999952316284,2.299999952316284,25.0,0.0,0.0
2019-01-25,2.25,2.25,2.25,2.25,90.0,0.0,0.0
2019-01-28,2.25,2.25,2.25,2.25,0.0,0.0,0.0
2019-01-29,2.25,2.25,2.25,2.25,0.0,0.0,0.0
2019-01-30,2.25,2.25,2.25,2.25,0.0,0.0,0.0
2019-01-31,2.25,2.25,2.25,2.25,0.0,0.0,0.0
2019-02-01,2.200000047683716,2.200000047683716,2.200000047683716,2.200000047683716,150.0,0.0,0.0
2019-02-04,2.200000047683716,2.200000047683716,2.200000047683716,2.200000047683716,0.0,0.0,0.0
2019-02-05,2.1500000953674316,2.1500000953674316,2.1500000953674316,2.1500000953674316,7.0,0.0,0.0
2019-02-06,2.1500000953674316,2.1500000953674316,2.1500000953674316,2.1500000953674316,0.0,0.0,0.0
2019-02-07,2.1500000953674316,2.1500000953674316,2.1500000953674316,2.1500000953674316,0.0,0.0,0.0
2019-02-08,2.1500000953674316,2.1500000953674316,2.1500000953674316,2.1500000953674316,0.0,0.0,0.0
2019-02-11,2.1500000953674316,2.1500000953674316,2.1500000953674316,2.1500000953674316,0.0,0.0,0.0
2019-02-12,2.1500000953674316,2.1500000953674316,2.1500000953674316,2.1500000953674316,0.0,0.0,0.0
2019-02-14,2.1500000953674316,2.1500000953674316,2.1500000953674316,2.1500000953674316,0.0,0.0,0.0
2019-02-15,2.1500000953674316,2.1500000953674316,2.1500000953674316,2.1500000953674316,0.0,0.0,0.0
2019-02-18,2.1500000953674316,2.1500000953674316,2.1500000953674316,2.1500000953674316,0.0,0.0,0.0
2019-02-19,2.1500000953674316,2.1500000953674316,2.1500000953674316,2.1500000953674316,0.0,0.0,0.0
2019-02-20,2.1500000953674316,2.1500000953674316,2.1500000953674316,2.1500000953674316,0.0,0.0,0.0
2019-02-21,2.1500000953674316,2.1500000953674316,2.1500000953674316,2.1500000953674316,0.0,0.0,0.0
2019-02-22,2.1500000953674316,2.1500000953674316,2.1500000953674316,2.1500000953674316,0.0,0.0,0.0
2019-02-25,2.1500000953674316,2.1500000953674316,2.1500000953674316,2.1500000953674316,0.0,0.0,0.0
2019-02-26,2.1500000953674316,2.1500000953674316,2.1500000953674316,2.1500000953674316,0.0,0.0,0.0
2019-02-27,2.1500000953674316,2.1500000953674316,2.1500000953674316,2.1500000953674316,0.0,0.0,0.0
2019-02-28,2.1500000953674316,2.1500000953674316,2.1500000953674316,2.1500000953674316,0.0,0.0,0.0
2019-03-01,2.1500000953674316,2.1500000953674316,2.1500000953674316,2.1500000953674316,0.0,0.0,0.0
2019-03-05,2.1500000953674316,2.1500000953674316,2.1500000953674316,2.1500000953674316,0.0,0.0,0.0
2019-03-06,2.1500000953674316,2.1500000953674316,2.1500000953674316,2.1500000953674316,0.0,0.0,0.0
2019-03-07,2.1500000953674316,2.1500000953674316,2.1500000953674316,2.1500000953674316,0.0,0.0,0.0
2019-03-08,2.1500000953674316,2.1500000953674316,2.1500000953674316,2.1500000953674316,0.0,0.0,0.0
2019-03-11,2.1500000953674316,2.1500000953674316,2.1500000953674316,2.1500000953674316,34.0,0.0,0.0
2019-03-12,2.049999952316284,2.049999952316284,2.049999952316284,2.049999952316284,500.0,0.0,0.0
2019-03-13,2.049999952316284,2.049999952316284,2.049999952316284,2.049999952316284,0.0,0.0,0.0
2019-03-14,2.049999952316284,2.049999952316284,2.049999952316284,2.049999952316284,0.0,0.0,0.0
2019-03-15,2.049999952316284,2.049999952316284,2.049999952316284,2.049999952316284,0.0,0.0,0.0
2019-03-18,2.1500000953674316,2.1500000953674316,2.1500000953674316,2.1500000953674316,628.0,0.0,0.0
2019-03-19,2.25,2.25,2.25,2.25,62.0,0.0,0.0
2019-03-20,2.25,2.25,2.25,2.25,0.0,0.0,0.0
2019-03-22,2.25,2.25,2.25,2.25,500.0,0.0,0.0
2019-03-25,2.3499999046325684,2.3499999046325684,2.3499999046325684,2.3499999046325684,100.0,0.0,0.0
2019-03-26,2.3499999046325684,2.3499999046325684,2.3499999046325684,2.3499999046325684,0.0,0.0,0.0
2019-03-27,2.450000047683716,2.450000047683716,2.4000000953674316,2.450000047683716,1944.0,0.0,0.0
2019-03-28,2.450000047683716,2.450000047683716,2.450000047683716,2.450000047683716,0.0,0.0,0.0
2019-04-01,2.25,2.25,2.25,2.25,950.0,0.0,0.0
2019-04-02,2.25,2.25,2.25,2.25,0.0,0.0,0.0
2019-04-03,2.25,2.25,2.25,2.25,0.0,0.0,0.0
2019-04-04,2.25,2.25,2.25,2.25,0.0,0.0,0.0
2019-04-05,2.25,2.25,2.25,2.25,0.0,0.0,0.0
2019-04-08,2.25,2.25,2.25,2.25,0.0,0.0,0.0
2019-04-09,2.25,2.25,2.25,2.25,0.0,0.0,0.0
2019-04-10,2.25,2.25,2.25,2.25,0.0,0.0,0.0
2019-04-11,2.25,2.25,2.25,2.25,0.0,0.0,0.0
2019-04-12,2.25,2.25,2.25,2.25,0.0,0.0,0.0
2019-04-15,2.25,2.25,2.25,2.25,0.0,0.0,0.0
2019-04-16,2.25,2.25,2.25,2.25,1200.0,0.0,0.0
2019-04-18,2.25,2.25,2.25,2.25,455.0,0.0,0.0
2019-04-22,2.25,2.25,2.25,2.25,10.0,0.0,0.0
2019-04-23,2.25,2.25,2.25,2.25,0.0,0.0,0.0
2019-04-24,2.25,2.25,2.25,2.25,0.0,0.0,0.0
2019-04-25,2.25,2.25,2.25,2.25,2582.0,0.0,0.0
2019-04-26,2.25,2.25,2.25,2.25,10.0,0.0,0.0
2019-04-30,2.25,2.25,2.25,2.25,0.0,0.0,0.0
2019-05-02,2.25,2.25,2.25,2.25,302.0,0.0,0.0
2019-05-03,2.25,2.25,2.25,2.25,0.0,0.0,0.0
2019-05-06,2.25,2.25,2.25,2.25,0.0,0.0,0.0
2019-05-07,2.25,2.25,2.25,2.25,0.0,0.0,0.0
2019-05-08,2.25,2.25,2.25,2.25,0.0,0.0,0.0
2019-05-09,2.25,2.25,2.25,2.25,0.0,0.0,0.0
2019-05-10,2.25,2.25,2.25,2.25,0.0,0.0,0.0
2019-05-13,2.25,2.25,2.25,2.25,0.0,0.0,0.0
2019-05-14,2.25,2.25,2.25,2.25,0.0,0.0,0.0
2019-05-15,2.200000047683716,2.200000047683716,2.1500000953674316,2.200000047683716,2364.0,0.0,0.0
2019-05-16,2.200000047683716,2.200000047683716,2.200000047683716,2.200000047683716,0.0,0.0,0.0
2019-05-17,2.200000047683716,2.200000047683716,2.200000047683716,2.200000047683716,0.0,0.0,0.0
2019-05-20,2.200000047683716,2.200000047683716,2.200000047683716,2.200000047683716,0.0,0.0,0.0
2019-05-21,2.200000047683716,2.200000047683716,2.200000047683716,2.200000047683716,0.0,0.0,0.0
2019-05-22,2.299999952316284,2.299999952316284,2.299999952316284,2.299999952316284,200.0,0.0,0.0
2019-05-23,2.299999952316284,2.299999952316284,2.299999952316284,2.299999952316284,120.0,0.0,0.0
2019-05-24,2.4000000953674316,2.4000000953674316,2.4000000953674316,2.4000000953674316,232.0,0.0,0.0
2019-05-27,2.4000000953674316,2.4000000953674316,2.4000000953674316,2.4000000953674316,0.0,0.0,0.0
2019-05-28,2.4000000953674316,2.4000000953674316,2.4000000953674316,2.4000000953674316,250.0,0.0,0.0
2019-05-29,2.4000000953674316,2.4000000953674316,2.4000000953674316,2.4000000953674316,0.0,0.0,0.0
2019-05-30,2.4000000953674316,2.4000000953674316,2.4000000953674316,2.4000000953674316,0.0,0.0,0.0
2019-05-31,2.4000000953674316,2.4000000953674316,2.4000000953674316,2.4000000953674316,0.0,0.0,0.0
2019-06-03,2.4000000953674316,2.4000000953674316,2.4000000953674316,2.4000000953674316,136.0,0.0,0.0
2019-06-04,2.4000000953674316,2.4000000953674316,2.4000000953674316,2.4000000953674316,0.0,0.0,0.0
2019-06-06,2.4000000953674316,2.4000000953674316,2.4000000953674316,2.4000000953674316,0.0,0.0,0.0
2019-06-07,2.4000000953674316,2.4000000953674316,2.4000000953674316,2.4000000953674316,160.0,0.0,0.0
2019-06-10,2.4000000953674316,2.4000000953674316,2.4000000953674316,2.4000000953674316,100.0,0.0,0.0
2019-06-11,2.4000000953674316,2.4000000953674316,2.4000000953674316,2.4000000953674316,0.0,0.0,0.0
2019-06-12,2.4000000953674316,2.4000000953674316,2.4000000953674316,2.4000000953674316,0.0,0.0,0.0
2019-06-13,2.4000000953674316,2.4000000953674316,2.4000000953674316,2.4000000953674316,45.0,0.0,0.0
2019-06-14,2.4000000953674316,2.4000000953674316,2.4000000953674316,2.4000000953674316,0.0,0.0,0.0
2019-06-17,2.4000000953674316,2.4000000953674316,2.4000000953674316,2.4000000953674316,0.0,0.0,0.0
2019-06-18,2.4000000953674316,2.4000000953674316,2.4000000953674316,2.4000000953674316,0.0,0.0,0.0
2019-06-19,2.4000000953674316,2.4000000953674316,2.4000000953674316,2.4000000953674316,15.0,0.0,0.0
2019-06-20,2.4000000953674316,2.4000000953674316,2.4000000953674316,2.4000000953674316,0.0,0.0,0.0
2019-06-21,2.4000000953674316,2.4000000953674316,2.4000000953674316,2.4000000953674316,0.0,0.0,0.0
2019-06-24,2.4000000953674316,2.4000000953674316,2.4000000953674316,2.4000000953674316,0.0,0.0,0.0
2019-06-25,2.4000000953674316,2.4000000953674316,2.4000000953674316,2.4000000953674316,0.0,0.0,0.0
2019-06-26,2.4000000953674316,2.4000000953674316,2.4000000953674316,2.4000000953674316,0.0,0.0,0.0
2019-06-27,2.4000000953674316,2.4000000953674316,2.4000000953674316,2.4000000953674316,300.0,0.0,0.0
2019-06-28,2.4000000953674316,2.4000000953674316,2.4000000953674316,2.4000000953674316,0.0,0.0,0.0
2019-07-01,2.4000000953674316,2.4000000953674316,2.4000000953674316,2.4000000953674316,0.0,0.0,0.0
2019-07-02,2.4000000953674316,2.4000000953674316,2.4000000953674316,2.4000000953674316,0.0,0.0,0.0
2019-07-03,2.4000000953674316,2.4000000953674316,2.4000000953674316,2.4000000953674316,0.0,0.0,0.0
2019-07-04,2.4000000953674316,2.4000000953674316,2.4000000953674316,2.4000000953674316,0.0,0.0,0.0
2019-07-05,2.4000000953674316,2.4000000953674316,2.4000000953674316,2.4000000953674316,0.0,0.0,0.0
2019-07-08,2.4000000953674316,2.4000000953674316,2.4000000953674316,2.4000000953674316,225.0,0.0,0.0
2019-07-09,2.4000000953674316,2.4000000953674316,2.4000000953674316,2.4000000953674316,0.0,0.0,0.0
2019-07-10,2.4000000953674316,2.4000000953674316,2.4000000953674316,2.4000000953674316,0.0,0.0,0.0
2019-07-11,2.4000000953674316,2.4000000953674316,2.4000000953674316,2.4000000953674316,0.0,0.0,0.0
2019-07-12,2.4000000953674316,2.4000000953674316,2.4000000953674316,2.4000000953674316,0.0,0.0,0.0
2019-07-15,2.4000000953674316,2.4000000953674316,2.4000000953674316,2.4000000953674316,0.0,0.0,0.0
2019-07-16,2.4000000953674316,2.4000000953674316,2.4000000953674316,2.4000000953674316,0.0,0.0,0.0
2019-07-17,2.4000000953674316,2.4000000953674316,2.4000000953674316,2.4000000953674316,0.0,0.0,0.0
2019-07-18,2.4000000953674316,2.4000000953674316,2.4000000953674316,2.4000000953674316,0.0,0.0,0.0
2019-07-19,2.4000000953674316,2.4000000953674316,2.4000000953674316,2.4000000953674316,0.0,0.0,0.0
2019-07-22,2.299999952316284,2.299999952316284,2.299999952316284,2.299999952316284,120.0,0.0,0.0
2019-07-23,2.299999952316284,2.299999952316284,2.299999952316284,2.299999952316284,0.0,0.0,0.0
2019-07-24,2.4000000953674316,2.4000000953674316,2.200000047683716,2.4000000953674316,3570.0,0.0,0.0
2019-07-25,2.4000000953674316,2.4000000953674316,2.299999952316284,2.4000000953674316,355.0,0.0,0.0
2019-07-26,2.5,2.5,2.4000000953674316,2.5,145.0,0.0,0.0
2019-07-29,2.5,2.5,2.5,2.5,241.0,0.0,0.0
2019-07-30,2.5999999046325684,2.5999999046325684,2.5999999046325684,2.5999999046325684,25.0,0.0,0.0
2019-07-31,2.5999999046325684,2.5999999046325684,2.5999999046325684,2.5999999046325684,0.0,0.0,0.0
2019-08-01,2.5999999046325684,2.5999999046325684,2.5999999046325684,2.5999999046325684,0.0,0.0,0.0
2019-08-02,2.5999999046325684,2.5999999046325684,2.5999999046325684,2.5999999046325684,0.0,0.0,0.0
2019-08-05,2.5,2.5,2.5,2.5,300.0,0.0,0.0
2019-08-06,2.5,2.5,2.5,2.5,0.0,0.0,0.0
2019-08-07,2.4000000953674316,2.4000000953674316,2.4000000953674316,2.4000000953674316,200.0,0.0,0.0
2019-08-08,2.5,2.5,2.299999952316284,2.5,232.0,0.0,0.0
2019-08-09,2.5,2.5,2.5,2.5,0.0,0.0,0.0
2019-08-13,2.5,2.5,2.5,2.5,15.0,0.0,0.0
2019-08-14,2.5,2.5,2.5,2.5,30.0,0.0,0.0
2019-08-16,2.5,2.5,2.5,2.5,0.0,0.0,0.0
2019-08-19,2.5,2.5,2.5,2.5,200.0,0.0,0.0
2019-08-20,2.5,2.5,2.5,2.5,0.0,0.0,0.0
2019-08-21,2.5,2.5,2.5,2.5,0.0,0.0,0.0
2019-08-22,2.5,2.5,2.5,2.5,0.0,0.0,0.0
2019-08-23,2.5,2.5,2.5,2.5,0.0,0.0,0.0
2019-08-26,2.5,2.5,2.5,2.5,0.0,0.0,0.0
2019-08-27,2.450000047683716,2.450000047683716,2.450000047683716,2.450000047683716,30.0,0.0,0.0
2019-08-28,2.450000047683716,2.450000047683716,2.450000047683716,2.450000047683716,0.0,0.0,0.0
2019-08-29,2.450000047683716,2.450000047683716,2.450000047683716,2.450000047683716,0.0,0.0,0.0
2019-08-30,2.450000047683716,2.450000047683716,2.450000047683716,2.450000047683716,0.0,0.0,0.0
2019-09-03,2.450000047683716,2.450000047683716,2.450000047683716,2.450000047683716,0.0,0.0,0.0
2019-09-04,2.450000047683716,2.450000047683716,2.450000047683716,2.450000047683716,0.0,0.0,0.0
2019-09-05,2.450000047683716,2.450000047683716,2.450000047683716,2.450000047683716,0.0,0.0,0.0
2019-09-06,2.3499999046325684,2.3499999046325684,2.3499999046325684,2.3499999046325684,150.0,0.0,0.0
2019-09-09,2.3499999046325684,2.3499999046325684,2.3499999046325684,2.3499999046325684,400.0,0.0,0.0
2019-09-11,2.3499999046325684,2.3499999046325684,2.3499999046325684,2.3499999046325684,0.0,0.0,0.0
2019-09-12,2.3499999046325684,2.3499999046325684,2.3499999046325684,2.3499999046325684,0.0,0.0,0.0
2019-09-13,2.450000047683716,2.450000047683716,2.450000047683716,2.450000047683716,9723.0,0.0,0.0
2019-09-16,2.450000047683716,2.450000047683716,2.450000047683716,2.450000047683716,0.0,0.0,0.0
2019-09-17,2.450000047683716,2.450000047683716,2.450000047683716,2.450000047683716,0.0,0.0,0.0
2019-09-18,2.450000047683716,2.450000047683716,2.450000047683716,2.450000047683716,0.0,0.0,0.0
2019-09-19,2.450000047683716,2.450000047683716,2.450000047683716,2.450000047683716,0.0,0.0,0.0
2019-09-20,2.549999952316284,2.549999952316284,2.4000000953674316,2.549999952316284,666.0,0.0,0.0
2019-09-23,2.549999952316284,2.549999952316284,2.549999952316284,2.549999952316284,0.0,0.0,0.0
2019-09-24,2.549999952316284,2.549999952316284,2.549999952316284,2.549999952316284,0.0,0.0,0.0
2019-09-25,2.549999952316284,2.549999952316284,2.549999952316284,2.549999952316284,0.0,0.0,0.0
2019-09-26,2.549999952316284,2.549999952316284,2.549999952316284,2.549999952316284,0.0,0.0,0.0
2019-09-27,2.549999952316284,2.549999952316284,2.549999952316284,2.549999952316284,0.0,0.0,0.0
2019-09-30,2.549999952316284,2.549999952316284,2.549999952316284,2.549999952316284,0.0,0.0,0.0
2019-10-01,2.549999952316284,2.549999952316284,2.549999952316284,2.549999952316284,0.0,0.0,0.0
2019-10-03,2.549999952316284,2.549999952316284,2.549999952316284,2.549999952316284,0.0,0.0,0.0
2019-10-04,2.549999952316284,2.549999952316284,2.549999952316284,2.549999952316284,20.0,0.0,0.0
2019-10-07,2.5999999046325684,2.5999999046325684,2.5999999046325684,2.5999999046325684,200.0,0.0,0.0
2019-10-09,2.5999999046325684,2.5999999046325684,2.5999999046325684,2.5999999046325684,0.0,0.0,0.0
2019-10-10,2.5999999046325684,2.5999999046325684,2.5999999046325684,2.5999999046325684,0.0,0.0,0.0
2019-10-11,2.5999999046325684,2.5999999046325684,2.5999999046325684,2.5999999046325684,0.0,0.0,0.0
2019-10-14,2.5999999046325684,2.5999999046325684,2.5999999046325684,2.5999999046325684,0.0,0.0,0.0
2019-10-15,2.5999999046325684,2.700000047683716,2.5999999046325684,2.700000047683716,810.0,0.0,0.0
2019-10-16,2.799999952316284,2.799999952316284,2.799999952316284,2.799999952316284,8397.0,0.0,0.0
2019-10-17,2.9000000953674316,2.9000000953674316,2.9000000953674316,2.9000000953674316,509.0,0.0,0.0
2019-10-18,3.0,3.0,3.0,3.0,164.0,0.0,0.0
2019-10-22,3.1500000953674316,3.1500000953674316,3.0,3.0999999046325684,4035.0,0.0,0.0
2019-10-23,3.0999999046325684,3.0999999046325684,2.950000047683716,3.0,2789.0,0.0,0.0
2019-10-24,3.0,3.1500000953674316,2.8499999046325684,2.8499999046325684,12358.0,0.0,0.0
2019-10-25,2.8499999046325684,2.950000047683716,2.8499999046325684,2.950000047683716,1298.0,0.0,0.0
2019-10-27,3.049999952316284,3.049999952316284,3.049999952316284,3.049999952316284,1.0,0.0,0.0
2019-10-29,3.200000047683716,3.200000047683716,3.049999952316284,3.200000047683716,1066.0,0.0,0.0
2019-10-30,3.3499999046325684,3.3499999046325684,3.299999952316284,3.3499999046325684,8447.0,0.0,0.0
2019-10-31,3.5,3.5,3.5,3.5,1693.0,0.0,0.0
2019-11-01,3.6500000953674316,3.6500000953674316,3.6500000953674316,3.6500000953674316,2350.0,0.0,0.0
2019-11-04,3.75,3.799999952316284,3.75,3.799999952316284,7910.0,0.0,0.0
2019-11-05,3.950000047683716,3.950000047683716,3.9000000953674316,3.950000047683716,6397.0,0.0,0.0
2019-11-06,4.050000190734863,4.050000190734863,3.799999952316284,3.799999952316284,21347.0,0.0,0.0
2019-11-07,3.6500000953674316,3.6500000953674316,3.6500000953674316,3.6500000953674316,2427.0,0.0,0.0
2019-11-08,3.5,3.5,3.5,3.5,1620.0,0.0,0.0
2019-11-11,3.3499999046325684,3.3499999046325684,3.3499999046325684,3.3499999046325684,220.0,0.0,0.0
2019-11-13,3.299999952316284,3.299999952316284,3.200000047683716,3.200000047683716,2245.0,0.0,0.0
2019-11-14,3.049999952316284,3.049999952316284,3.049999952316284,3.049999952316284,175.0,0.0,0.0
2019-11-15,2.9000000953674316,2.9000000953674316,2.9000000953674316,2.9000000953674316,988.0,0.0,0.0
2019-11-18,2.799999952316284,2.799999952316284,2.799999952316284,2.799999952316284,2192.0,0.0,0.0
2019-11-19,2.700000047683716,2.9000000953674316,2.700000047683716,2.9000000953674316,19915.0,0.0,0.0
2019-11-20,2.9000000953674316,3.0,2.799999952316284,2.950000047683716,11237.0,0.0,0.0
2019-11-21,2.950000047683716,3.049999952316284,2.8499999046325684,2.8499999046325684,3520.0,0.0,0.0
2019-11-22,2.8499999046325684,2.950000047683716,2.75,2.950000047683716,16400.0,0.0,0.0
2019-11-25,2.950000047683716,2.950000047683716,2.8499999046325684,2.8499999046325684,316.0,0.0,0.0
2019-11-26,2.75,2.8499999046325684,2.75,2.8499999046325684,5359.0,0.0,0.0
2019-11-27,2.950000047683716,2.950000047683716,2.75,2.75,7871.0,0.0,0.0
2019-11-28,2.75,2.8499999046325684,2.75,2.8499999046325684,4987.0,0.0,0.0
2019-11-29,2.950000047683716,2.950000047683716,2.75,2.950000047683716,15007.0,0.0,0.0
2019-12-02,2.9000000953674316,3.049999952316284,2.9000000953674316,3.049999952316284,2712.0,0.0,0.0
2019-12-03,3.200000047683716,3.200000047683716,2.9000000953674316,3.1500000953674316,12953.0,0.0,0.0
2019-12-04,3.1500000953674316,3.299999952316284,3.0,3.299999952316284,6100.0,0.0,0.0
2019-12-05,3.4000000953674316,3.450000047683716,3.200000047683716,3.450000047683716,5027.0,0.0,0.0
2019-12-06,3.5999999046325684,3.5999999046325684,3.450000047683716,3.450000047683716,3373.0,0.0,0.0
2019-12-09,3.5999999046325684,3.5999999046325684,3.299999952316284,3.3499999046325684,616.0,0.0,0.0
2019-12-10,3.299999952316284,3.299999952316284,3.200000047683716,3.299999952316284,106.0,0.0,0.0
2019-12-11,3.299999952316284,3.3499999046325684,3.200000047683716,3.200000047683716,1987.0,0.0,0.0
2019-12-12,3.25,3.25,3.1500000953674316,3.1500000953674316,3.0,0.0,0.0
2019-12-13,3.1500000953674316,3.299999952316284,3.1500000953674316,3.299999952316284,131.0,0.0,0.0
2019-12-16,3.299999952316284,3.299999952316284,3.200000047683716,3.200000047683716,325.0,0.0,0.0
2019-12-17,3.299999952316284,3.299999952316284,3.0999999046325684,3.0999999046325684,631.0,0.0,0.0
2019-12-18,3.0999999046325684,3.25,2.950000047683716,3.25,1532.0,0.0,0.0
2019-12-19,3.25,3.4000000953674316,3.1500000953674316,3.4000000953674316,8858.0,0.0,0.0
2019-12-20,3.4000000953674316,3.549999952316284,3.4000000953674316,3.549999952316284,8576.0,0.0,0.0
2019-12-23,3.5999999046325684,3.700000047683716,3.549999952316284,3.6500000953674316,12249.0,0.0,0.0
2019-12-24,3.799999952316284,3.799999952316284,3.5,3.799999952316284,3972.0,0.0,0.0
2019-12-26,3.950000047683716,3.950000047683716,3.6500000953674316,3.9000000953674316,6384.0,0.0,0.0
2019-12-27,4.050000190734863,4.050000190734863,3.75,3.8499999046325684,7780.0,0.0,0.0
2019-12-30,4.0,4.0,3.700000047683716,3.9000000953674316,3949.0,0.0,0.0
2019-12-31,4.0,4.050000190734863,3.75,3.950000047683716,5576.0,0.0,0.0
2020-01-01,4.050000190734863,4.099999904632568,3.799999952316284,4.0,5003.0,0.0,0.0
2020-01-02,3.799999952316284,4.199999809265137,3.799999952316284,4.099999904632568,21414.0,0.0,0.0
2020-01-03,4.300000190734863,4.300000190734863,3.9000000953674316,4.050000190734863,1632.0,0.0,0.0
2020-01-06,4.199999809265137,4.199999809265137,3.8499999046325684,4.050000190734863,2743.0,0.0,0.0
2020-01-07,4.199999809265137,4.199999809265137,3.8499999046325684,3.950000047683716,7933.0,0.0,0.0
2020-01-08,3.799999952316284,3.9000000953674316,3.799999952316284,3.8499999046325684,255.0,0.0,0.0
2020-01-09,4.0,4.0,3.700000047683716,3.700000047683716,5197.0,0.0,0.0
2020-01-10,3.549999952316284,3.549999952316284,3.549999952316284,3.549999952316284,780.0,0.0,0.0
2020-01-13,3.4000000953674316,3.4000000953674316,3.4000000953674316,3.4000000953674316,2240.0,0.0,0.0
2020-01-14,3.25,3.25,3.25,3.25,13668.0,0.0,0.0
2020-01-15,3.0999999046325684,3.0999999046325684,3.0999999046325684,3.0999999046325684,212.0,0.0,0.0
2020-01-16,3.0,3.25,2.950000047683716,3.0,6970.0,0.0,0.0
2020-01-17,3.1500000953674316,3.1500000953674316,2.8499999046325684,3.0999999046325684,1170.0,0.0,0.0
2020-01-20,2.950000047683716,3.25,2.950000047683716,3.25,10325.0,0.0,0.0
2020-01-21,3.4000000953674316,3.4000000953674316,3.0999999046325684,3.0999999046325684,446.0,0.0,0.0
2020-01-22,3.200000047683716,3.200000047683716,2.950000047683716,3.0999999046325684,3745.0,0.0,0.0
2020-01-23,2.950000047683716,3.049999952316284,2.950000047683716,3.049999952316284,32040.0,0.0,0.0
2020-01-24,3.0,3.1500000953674316,2.9000000953674316,2.9000000953674316,1674.0,0.0,0.0
2020-01-27,2.799999952316284,2.9000000953674316,2.799999952316284,2.9000000953674316,15777.0,0.0,0.0
2020-01-28,2.799999952316284,2.9000000953674316,2.799999952316284,2.9000000953674316,12451.0,0.0,0.0
2020-01-29,2.799999952316284,2.950000047683716,2.799999952316284,2.9000000953674316,2561.0,0.0,0.0
2020-01-30,2.799999952316284,3.0,2.799999952316284,3.0,3223.0,0.0,0.0
2020-01-31,3.0,3.0,2.8499999046325684,3.0,7787.0,0.0,0.0
2020-02-03,2.8499999046325684,3.1500000953674316,2.8499999046325684,3.0999999046325684,1484.0,0.0,0.0
2020-02-04,3.0999999046325684,3.0999999046325684,3.0999999046325684,3.0999999046325684,0.0,0.0,0.0
2020-02-05,2.950000047683716,2.950000047683716,2.950000047683716,2.950000047683716,3725.0,0.0,0.0
2020-02-06,2.950000047683716,2.950000047683716,2.8499999046325684,2.8499999046325684,2189.0,0.0,0.0
2020-02-07,2.799999952316284,2.8499999046325684,2.75,2.75,1208.0,0.0,0.0
2020-02-10,2.75,2.75,2.75,2.75,1618.0,0.0,0.0
2020-02-11,2.75,2.75,2.6500000953674316,2.6500000953674316,5465.0,0.0,0.0
2020-02-12,2.6500000953674316,2.6500000953674316,2.5999999046325684,2.6500000953674316,1223.0,0.0,0.0
2020-02-13,2.6500000953674316,2.75,2.549999952316284,2.6500000953674316,5328.0,0.0,0.0
2020-02-14,2.5999999046325684,2.5999999046325684,2.5999999046325684,2.5999999046325684,169.0,0.0,0.0
2020-02-17,2.5999999046325684,2.700000047683716,2.5999999046325684,2.700000047683716,717.0,0.0,0.0
2020-02-18,2.700000047683716,2.700000047683716,2.700000047683716,2.700000047683716,3.0,0.0,0.0
2020-02-19,2.6500000953674316,2.6500000953674316,2.5999999046325684,2.6500000953674316,198.0,0.0,0.0
2020-02-20,2.549999952316284,2.549999952316284,2.549999952316284,2.549999952316284,2687.0,0.0,0.0
2020-02-24,2.450000047683716,2.450000047683716,2.450000047683716,2.450000047683716,149.0,0.0,0.0
2020-02-25,2.3499999046325684,2.3499999046325684,2.3499999046325684,2.3499999046325684,1855.0,0.0,0.0
2020-02-26,2.25,2.25,2.25,2.25,12.0,0.0,0.0
2020-02-27,2.25,2.25,2.25,2.25,0.0,0.0,0.0
2020-02-28,2.200000047683716,2.200000047683716,2.200000047683716,2.200000047683716,149.0,0.0,0.0
2020-03-02,2.200000047683716,2.200000047683716,2.200000047683716,2.200000047683716,50.0,0.0,0.0
2020-03-03,2.0999999046325684,2.0999999046325684,2.0999999046325684,2.0999999046325684,450.0,0.0,0.0
2020-03-04,2.0999999046325684,2.200000047683716,2.0,2.0,3731.0,0.0,0.0
2020-03-05,2.0,2.0,2.0,2.0,211.0,0.0,0.0
2020-03-06,2.0999999046325684,2.0999999046325684,2.0,2.0,270.0,0.0,0.0
2020-03-09,2.0,2.0,2.0,2.0,0.0,0.0,0.0
2020-03-11,1.899999976158142,2.0,1.899999976158142,2.0,643.0,0.0,0.0
2020-03-12,2.0,2.0,2.0,2.0,50.0,0.0,0.0
2020-03-13,1.9500000476837158,2.0,1.899999976158142,1.899999976158142,10015.0,0.0,0.0
2020-03-16,1.9500000476837158,1.9500000476837158,1.850000023841858,1.9500000476837158,1964.0,0.0,0.0
2020-03-17,1.899999976158142,1.899999976158142,1.899999976158142,1.899999976158142,382.0,0.0,0.0
2020-03-18,1.899999976158142,1.899999976158142,1.899999976158142,1.899999976158142,1.0,0.0,0.0
2020-03-19,1.899999976158142,1.899999976158142,1.850000023841858,1.899999976158142,121.0,0.0,0.0
2020-03-20,1.850000023841858,1.899999976158142,1.850000023841858,1.899999976158142,12.0,0.0,0.0
2020-03-23,1.850000023841858,1.850000023841858,1.850000023841858,1.850000023841858,10.0,0.0,0.0
2020-03-24,1.850000023841858,1.899999976158142,1.7999999523162842,1.850000023841858,606.0,0.0,0.0
2020-03-25,1.7999999523162842,1.7999999523162842,1.7999999523162842,1.7999999523162842,108.0,0.0,0.0
2020-03-26,1.7999999523162842,1.850000023841858,1.7999999523162842,1.7999999523162842,2218.0,0.0,0.0
2020-03-27,1.7999999523162842,1.850000023841858,1.7999999523162842,1.7999999523162842,2480.0,0.0,0.0
2020-03-30,1.7999999523162842,1.7999999523162842,1.7999999523162842,1.7999999523162842,10.0,0.0,0.0
2020-03-31,1.7999999523162842,1.7999999523162842,1.75,1.75,380.0,0.0,0.0
2020-04-01,1.7999999523162842,1.7999999523162842,1.7999999523162842,1.7999999523162842,500.0,0.0,0.0
2020-04-03,1.7999999523162842,1.7999999523162842,1.7999999523162842,1.7999999523162842,31.0,0.0,0.0
2020-04-07,1.7999999523162842,1.7999999523162842,1.7999999523162842,1.7999999523162842,60.0,0.0,0.0
2020-04-08,1.850000023841858,1.850000023841858,1.7999999523162842,1.850000023841858,616.0,0.0,0.0
2020-04-09,1.899999976158142,1.899999976158142,1.7999999523162842,1.7999999523162842,403.0,0.0,0.0
2020-04-13,1.7999999523162842,1.7999999523162842,1.7999999523162842,1.7999999523162842,5.0,0.0,0.0
2020-04-15,1.850000023841858,1.850000023841858,1.850000023841858,1.850000023841858,90.0,0.0,0.0
2020-04-16,1.7999999523162842,1.850000023841858,1.850000023841858,1.850000023841858,1.0,0.0,0.0
2020-04-17,1.850000023841858,1.850000023841858,1.850000023841858,1.850000023841858,100.0,0.0,0.0
2020-04-20,1.850000023841858,1.850000023841858,1.850000023841858,1.850000023841858,25.0,0.0,0.0
2020-04-21,1.850000023841858,1.850000023841858,1.850000023841858,1.850000023841858,11.0,0.0,0.0
2020-04-22,1.899999976158142,1.899999976158142,1.899999976158142,1.899999976158142,694.0,0.0,0.0
2020-04-23,1.850000023841858,1.899999976158142,1.850000023841858,1.850000023841858,110.0,0.0,0.0
2020-04-24,1.850000023841858,1.850000023841858,1.850000023841858,1.850000023841858,0.0,0.0,0.0
2020-04-27,1.850000023841858,1.850000023841858,1.850000023841858,1.850000023841858,0.0,0.0,0.0
2020-04-28,1.850000023841858,1.850000023841858,1.850000023841858,1.850000023841858,47.0,0.0,0.0
2020-04-29,1.850000023841858,1.850000023841858,1.850000023841858,1.850000023841858,100.0,0.0,0.0
2020-04-30,1.7999999523162842,1.7999999523162842,1.7999999523162842,1.7999999523162842,262.0,0.0,0.0
2020-05-04,1.850000023841858,1.850000023841858,1.850000023841858,1.850000023841858,2000.0,0.0,0.0
2020-05-05,1.850000023841858,1.850000023841858,1.850000023841858,1.850000023841858,590.0,0.0,0.0
2020-05-06,1.850000023841858,1.850000023841858,1.850000023841858,1.850000023841858,0.0,0.0,0.0
2020-05-07,1.899999976158142,1.899999976158142,1.850000023841858,1.899999976158142,603.0,0.0,0.0
2020-05-08,1.899999976158142,1.899999976158142,1.899999976158142,1.899999976158142,0.0,0.0,0.0
2020-05-11,1.899999976158142,1.899999976158142,1.899999976158142,1.899999976158142,0.0,0.0,0.0
2020-05-12,1.899999976158142,1.899999976158142,1.899999976158142,1.899999976158142,500.0,0.0,0.0
2020-05-13,1.899999976158142,1.899999976158142,1.899999976158142,1.899999976158142,13.0,0.0,0.0
2020-05-14,1.899999976158142,1.899999976158142,1.899999976158142,1.899999976158142,0.0,0.0,0.0
2020-05-15,1.899999976158142,1.899999976158142,1.899999976158142,1.899999976158142,0.0,0.0,0.0
2020-05-18,1.899999976158142,1.899999976158142,1.899999976158142,1.899999976158142,0.0,0.0,0.0
2020-05-19,1.899999976158142,1.899999976158142,1.899999976158142,1.899999976158142,25.0,0.0,0.0
2020-05-20,1.899999976158142,1.899999976158142,1.899999976158142,1.899999976158142,100.0,0.0,0.0
2020-05-21,1.899999976158142,1.899999976158142,1.899999976158142,1.899999976158142,0.0,0.0,0.0
2020-05-22,1.899999976158142,1.899999976158142,1.899999976158142,1.899999976158142,0.0,0.0,0.0
2020-05-26,1.899999976158142,1.899999976158142,1.899999976158142,1.899999976158142,0.0,0.0,0.0
2020-05-27,1.899999976158142,1.899999976158142,1.899999976158142,1.899999976158142,0.0,0.0,0.0
2020-05-28,1.899999976158142,1.899999976158142,1.899999976158142,1.899999976158142,0.0,0.0,0.0
2020-05-29,1.899999976158142,1.899999976158142,1.899999976158142,1.899999976158142,0.0,0.0,0.0
2020-06-01,1.899999976158142,1.899999976158142,1.899999976158142,1.899999976158142,0.0,0.0,0.0
2020-06-02,1.899999976158142,1.899999976158142,1.899999976158142,1.899999976158142,100.0,0.0,0.0
2020-06-03,1.899999976158142,1.899999976158142,1.899999976158142,1.899999976158142,0.0,0.0,0.0
2020-06-04,1.899999976158142,1.899999976158142,1.899999976158142,1.899999976158142,5.0,0.0,0.0
2020-06-05,1.850000023841858,1.850000023841858,1.850000023841858,1.850000023841858,500.0,0.0,0.0
2020-06-08,1.899999976158142,1.899999976158142,1.850000023841858,1.899999976158142,1154.0,0.0,0.0
2020-06-09,1.850000023841858,1.899999976158142,1.850000023841858,1.850000023841858,1464.0,0.0,0.0
2020-06-10,1.7999999523162842,1.850000023841858,1.7999999523162842,1.7999999523162842,2050.0,0.0,0.0
2020-06-11,1.7999999523162842,1.7999999523162842,1.7999999523162842,1.7999999523162842,10.0,0.0,0.0
2020-06-12,1.7999999523162842,1.75,1.75,1.75,10.0,0.0,0.0
2020-06-15,1.7999999523162842,1.7999999523162842,1.75,1.7999999523162842,25741.0,0.0,0.0
2020-06-16,1.7999999523162842,1.7999999523162842,1.7999999523162842,1.7999999523162842,0.0,0.0,0.0
2020-06-17,1.850000023841858,1.850000023841858,1.7999999523162842,1.850000023841858,860.0,0.0,0.0
2020-06-18,1.899999976158142,1.899999976158142,1.899999976158142,1.899999976158142,1000.0,0.0,0.0
2020-06-19,1.9500000476837158,1.9500000476837158,1.9500000476837158,1.9500000476837158,4100.0,0.0,0.0
2020-06-22,1.9500000476837158,1.9500000476837158,1.9500000476837158,1.9500000476837158,0.0,0.0,0.0
2020-06-23,1.9500000476837158,1.9500000476837158,1.9500000476837158,1.9500000476837158,0.0,0.0,0.0
2020-06-24,1.9500000476837158,1.9500000476837158,1.9500000476837158,1.9500000476837158,0.0,0.0,0.0
2020-06-25,2.0,2.0,2.0,2.0,2020.0,0.0,0.0
2020-06-26,2.0999999046325684,2.0999999046325684,2.0999999046325684,2.0999999046325684,35.0,0.0,0.0
2020-06-29,2.200000047683716,2.200000047683716,2.200000047683716,2.200000047683716,1010.0,0.0,0.0
2020-06-30,2.299999952316284,2.299999952316284,2.299999952316284,2.299999952316284,2500.0,0.0,0.0
2020-07-01,2.299999952316284,2.299999952316284,2.299999952316284,2.299999952316284,0.0,0.0,0.0
2020-07-02,2.4000000953674316,2.4000000953674316,2.4000000953674316,2.4000000953674316,5510.0,0.0,0.0
2020-07-03,2.299999952316284,2.5,2.299999952316284,2.299999952316284,17500.0,0.0,0.0
2020-07-06,2.200000047683716,2.25,2.200000047683716,2.200000047683716,3104.0,0.0,0.0
2020-07-07,2.200000047683716,2.200000047683716,2.200000047683716,2.200000047683716,600.0,0.0,0.0
2020-07-08,2.299999952316284,2.299999952316284,2.299999952316284,2.299999952316284,901.0,0.0,0.0
2020-07-09,2.299999952316284,2.299999952316284,2.299999952316284,2.299999952316284,3850.0,0.0,0.0
2020-07-10,2.200000047683716,2.200000047683716,2.200000047683716,2.200000047683716,896.0,0.0,0.0
2020-07-13,2.200000047683716,2.200000047683716,2.200000047683716,2.200000047683716,0.0,0.0,0.0
2020-07-14,2.200000047683716,2.200000047683716,2.200000047683716,2.200000047683716,200.0,0.0,0.0
2020-07-15,2.200000047683716,2.200000047683716,2.200000047683716,2.200000047683716,500.0,0.0,0.0
2020-07-16,2.200000047683716,2.200000047683716,2.200000047683716,2.200000047683716,0.0,0.0,0.0
2020-07-17,2.200000047683716,2.200000047683716,2.200000047683716,2.200000047683716,0.0,0.0,0.0
2020-07-20,2.200000047683716,2.200000047683716,2.200000047683716,2.200000047683716,0.0,0.0,0.0
2020-07-21,2.200000047683716,2.200000047683716,2.200000047683716,2.200000047683716,0.0,0.0,0.0
2020-07-22,2.200000047683716,2.200000047683716,2.200000047683716,2.200000047683716,0.0,0.0,0.0
2020-07-23,2.0999999046325684,2.0999999046325684,2.0999999046325684,2.0999999046325684,200.0,0.0,0.0
2020-07-24,2.0999999046325684,2.0999999046325684,2.0999999046325684,2.0999999046325684,0.0,0.0,0.0
2020-07-27,2.0,2.0999999046325684,2.0,2.0,1050.0,0.0,0.0
2020-07-28,1.899999976158142,1.899999976158142,1.899999976158142,1.899999976158142,142.0,0.0,0.0
2020-07-29,1.850000023841858,1.899999976158142,1.850000023841858,1.850000023841858,2543.0,0.0,0.0
2020-07-30,1.850000023841858,1.850000023841858,1.850000023841858,1.850000023841858,547.0,0.0,0.0
2020-07-31,1.850000023841858,1.850000023841858,1.850000023841858,1.850000023841858,0.0,0.0,0.0
2020-08-03,1.899999976158142,1.899999976158142,1.899999976158142,1.899999976158142,70.0,0.0,0.0
2020-08-04,1.9500000476837158,1.9500000476837158,1.9500000476837158,1.9500000476837158,2000.0,0.0,0.0
2020-08-05,2.0,2.0,2.0,2.0,858.0,0.0,0.0
2020-08-06,2.0999999046325684,2.0999999046325684,2.0,2.0999999046325684,1574.0,0.0,0.0
2020-08-07,2.0999999046325684,2.0999999046325684,2.0999999046325684,2.0999999046325684,0.0,0.0,0.0
2020-08-10,2.0999999046325684,2.0999999046325684,2.0999999046325684,2.0999999046325684,0.0,0.0,0.0
2020-08-11,2.200000047683716,2.200000047683716,2.0999999046325684,2.200000047683716,2532.0,0.0,0.0
2020-08-12,2.25,2.25,2.25,2.25,1600.0,0.0,0.0
2020-08-13,2.25,2.25,2.25,2.25,0.0,0.0,0.0
2020-08-14,2.1500000953674316,2.1500000953674316,2.1500000953674316,2.1500000953674316,1835.0,0.0,0.0
2020-08-17,2.25,2.25,2.25,2.25,2500.0,0.0,0.0
2020-08-18,2.25,2.25,2.1500000953674316,2.25,1155.0,0.0,0.0
2020-08-19,2.299999952316284,2.299999952316284,2.25,2.299999952316284,8595.0,0.0,0.0
2020-08-20,2.200000047683716,2.200000047683716,2.200000047683716,2.200000047683716,190.0,0.0,0.0
2020-08-21,2.0999999046325684,2.0999999046325684,2.0999999046325684,2.0999999046325684,400.0,0.0,0.0
2020-08-24,2.0999999046325684,2.0999999046325684,2.0,2.0999999046325684,3199.0,0.0,0.0
2020-08-25,2.0999999046325684,2.0999999046325684,2.0999999046325684,2.0999999046325684,0.0,0.0,0.0
2020-08-26,2.200000047683716,2.200000047683716,2.0,2.200000047683716,2000.0,0.0,0.0
2020-08-27,2.200000047683716,2.200000047683716,2.200000047683716,2.200000047683716,1468.0,0.0,0.0
2020-08-28,2.200000047683716,2.200000047683716,2.0999999046325684,2.200000047683716,2402.0,0.0,0.0
2020-08-31,2.299999952316284,2.299999952316284,2.200000047683716,2.299999952316284,93.0,0.0,0.0
2020-09-01,2.299999952316284,2.299999952316284,2.299999952316284,2.299999952316284,0.0,0.0,0.0
2020-09-02,2.200000047683716,2.299999952316284,2.200000047683716,2.200000047683716,990.0,0.0,0.0
2020-09-03,2.299999952316284,2.299999952316284,2.299999952316284,2.299999952316284,101.0,0.0,0.0
2020-09-04,2.299999952316284,2.299999952316284,2.299999952316284,2.299999952316284,910.0,0.0,0.0
2020-09-07,2.299999952316284,2.299999952316284,2.299999952316284,2.299999952316284,0.0,0.0,0.0
2020-09-08,2.299999952316284,2.299999952316284,2.299999952316284,2.299999952316284,50.0,0.0,0.0
2020-09-09,2.299999952316284,2.299999952316284,2.299999952316284,2.299999952316284,0.0,0.0,0.0
2020-09-10,2.200000047683716,2.200000047683716,2.200000047683716,2.200000047683716,582.0,0.0,0.0
2020-09-11,2.200000047683716,2.200000047683716,2.200000047683716,2.200000047683716,0.0,0.0,0.0
2020-09-14,2.0999999046325684,2.0999999046325684,2.0999999046325684,2.0999999046325684,1414.0,0.0,0.0
2020-09-15,2.200000047683716,2.200000047683716,2.200000047683716,2.200000047683716,135.0,0.0,0.0
2020-09-16,2.200000047683716,2.200000047683716,2.200000047683716,2.200000047683716,65.0,0.0,0.0
2020-09-17,2.200000047683716,2.200000047683716,2.200000047683716,2.200000047683716,0.0,0.0,0.0
2020-09-18,2.200000047683716,2.200000047683716,2.200000047683716,2.200000047683716,0.0,0.0,0.0
2020-09-21,2.0999999046325684,2.0999999046325684,2.0999999046325684,2.0999999046325684,400.0,0.0,0.0
2020-09-22,2.0,2.0999999046325684,2.0,2.0,551.0,0.0,0.0
2020-09-23,1.899999976158142,1.899999976158142,1.899999976158142,1.899999976158142,399.0,0.0,0.0
2020-09-24,1.899999976158142,1.899999976158142,1.899999976158142,1.899999976158142,0.0,0.0,0.0
2020-09-25,1.899999976158142,1.9500000476837158,1.899999976158142,1.899999976158142,735.0,0.0,0.0
2020-09-28,1.850000023841858,1.850000023841858,1.850000023841858,1.850000023841858,600.0,0.0,0.0
2020-09-29,1.7999999523162842,1.7999999523162842,1.7999999523162842,1.7999999523162842,400.0,0.0,0.0
2020-09-30,1.75,1.75,1.75,1.75,99.0,0.0,0.0
2020-10-01,1.75,1.75,1.7000000476837158,1.75,132.0,0.0,0.0
2020-10-05,1.75,1.75,1.75,1.75,0.0,0.0,0.0
2020-10-06,1.7999999523162842,1.7999999523162842,1.7000000476837158,1.7999999523162842,328.0,0.0,0.0
2020-10-07,1.7999999523162842,1.7999999523162842,1.7999999523162842,1.7999999523162842,100.0,0.0,0.0
2020-10-08,1.75,1.7999999523162842,1.75,1.75,2600.0,0.0,0.0
2020-10-09,1.75,1.75,1.75,1.75,0.0,0.0,0.0
2020-10-12,1.75,1.75,1.75,1.75,0.0,0.0,0.0
2020-10-13,1.7999999523162842,1.7999999523162842,1.7000000476837158,1.7999999523162842,1601.0,0.0,0.0
2020-10-14,1.75,1.75,1.75,1.75,232.0,0.0,0.0
2020-10-15,1.75,1.75,1.75,1.75,0.0,0.0,0.0
2020-10-16,1.75,1.75,1.75,1.75,0.0,0.0,0.0
2020-10-19,1.75,1.75,1.75,1.75,200.0,0.0,0.0
2020-10-20,1.7999999523162842,1.7999999523162842,1.7000000476837158,1.7999999523162842,785.0,0.0,0.0
2020-10-21,1.7999999523162842,1.7999999523162842,1.7999999523162842,1.7999999523162842,50.0,0.0,0.0
2020-10-22,1.75,1.75,1.75,1.75,250.0,0.0,0.0
2020-10-23,1.75,1.75,1.75,1.75,459.0,0.0,0.0
2020-10-26,1.75,1.75,1.75,1.75,150.0,0.0,0.0
2020-10-27,1.75,1.75,1.75,1.75,0.0,0.0,0.0
2020-10-28,1.75,1.75,1.75,1.75,0.0,0.0,0.0
2020-10-29,1.75,1.75,1.75,1.75,0.0,0.0,0.0
2020-10-30,1.7000000476837158,1.7000000476837158,1.7000000476837158,1.7000000476837158,250.0,0.0,0.0
2020-11-02,1.7000000476837158,1.7000000476837158,1.7000000476837158,1.7000000476837158,0.0,0.0,0.0
2020-11-03,1.7000000476837158,1.7000000476837158,1.7000000476837158,1.7000000476837158,0.0,0.0,0.0
2020-11-04,1.75,1.75,1.649999976158142,1.75,100.0,0.0,0.0
2020-11-05,1.75,1.75,1.75,1.75,0.0,0.0,0.0
2020-11-06,1.75,1.75,1.75,1.75,0.0,0.0,0.0
2020-11-09,1.75,1.75,1.75,1.75,0.0,0.0,0.0
2020-11-10,1.75,1.75,1.75,1.75,500.0,0.0,0.0
2020-11-11,1.75,1.75,1.75,1.75,0.0,0.0,0.0
2020-11-12,1.75,1.75,1.75,1.75,0.0,0.0,0.0
2020-11-13,1.75,1.75,1.75,1.75,0.0,0.0,0.0
2020-11-17,1.75,1.75,1.75,1.75,0.0,0.0,0.0
2020-11-18,1.7999999523162842,1.7999999523162842,1.7999999523162842,1.7999999523162842,760.0,0.0,0.0
2020-11-19,1.7999999523162842,1.7999999523162842,1.7999999523162842,1.7999999523162842,0.0,0.0,0.0
2020-11-20,1.7999999523162842,1.7999999523162842,1.7999999523162842,1.7999999523162842,0.0,0.0,0.0
2020-11-23,1.850000023841858,1.850000023841858,1.7999999523162842,1.850000023841858,1050.0,0.0,0.0
2020-11-24,1.899999976158142,1.899999976158142,1.850000023841858,1.899999976158142,2100.0,0.0,0.0
2020-11-25,1.9500000476837158,1.9500000476837158,1.9500000476837158,1.9500000476837158,3085.0,0.0,0.0
2020-11-26,2.0,2.0,1.9500000476837158,2.0,1050.0,0.0,0.0
2020-11-27,2.049999952316284,2.049999952316284,2.049999952316284,2.049999952316284,245.0,0.0,0.0
2020-12-01,2.049999952316284,2.049999952316284,2.049999952316284,2.049999952316284,86.0,0.0,0.0
2020-12-02,2.049999952316284,2.049999952316284,2.049999952316284,2.049999952316284,302.0,0.0,0.0
2020-12-03,2.049999952316284,2.049999952316284,2.049999952316284,2.049999952316284,82.0,0.0,0.0
2020-12-04,2.049999952316284,2.049999952316284,2.049999952316284,2.049999952316284,0.0,0.0,0.0
2020-12-07,2.049999952316284,2.049999952316284,2.049999952316284,2.049999952316284,0.0,0.0,0.0
2020-12-08,2.049999952316284,2.049999952316284,2.049999952316284,2.049999952316284,847.0,0.0,0.0
2020-12-09,2.0999999046325684,2.0999999046325684,2.049999952316284,2.0999999046325684,407.0,0.0,0.0
2020-12-10,2.0,2.0999999046325684,2.0,2.0,2310.0,0.0,0.0
2020-12-11,2.0999999046325684,2.0999999046325684,2.049999952316284,2.0999999046325684,146.0,0.0,0.0
2020-12-14,2.1500000953674316,2.1500000953674316,2.1500000953674316,2.1500000953674316,157.0,0.0,0.0
2020-12-15,2.1500000953674316,2.1500000953674316,2.1500000953674316,2.1500000953674316,0.0,0.0,0.0
2020-12-16,2.25,2.25,2.25,2.25,543.0,0.0,0.0
2020-12-17,2.25,2.25,2.25,2.25,0.0,0.0,0.0
2020-12-18,2.3499999046325684,2.3499999046325684,2.3499999046325684,2.3499999046325684,2910.0,0.0,0.0
2020-12-21,2.3499999046325684,2.3499999046325684,2.3499999046325684,2.3499999046325684,683.0,0.0,0.0
2020-12-22,2.25,2.25,2.25,2.25,5.0,0.0,0.0
2020-12-23,2.25,2.25,2.25,2.25,0.0,0.0,0.0
2020-12-24,2.3499999046325684,2.3499999046325684,2.3499999046325684,2.3499999046325684,50.0,0.0,0.0
2020-12-28,2.3499999046325684,2.4000000953674316,2.3499999046325684,2.3499999046325684,1602.0,0.0,0.0
2020-12-29,2.25,2.25,2.25,2.25,29001.0,0.0,0.0
2020-12-30,2.25,2.25,2.25,2.25,0.0,0.0,0.0
2020-12-31,2.25,2.25,2.25,2.25,0.0,0.0,0.0
2021-01-01,2.25,2.25,2.25,2.25,0.0,0.0,0.0
2021-01-04,2.3499999046325684,2.3499999046325684,2.25,2.3499999046325684,1020.0,0.0,0.0
2021-01-05,2.450000047683716,2.450000047683716,2.3499999046325684,2.450000047683716,3267.0,0.0,0.0
2021-01-06,2.3499999046325684,2.3499999046325684,2.3499999046325684,2.3499999046325684,43399.0,0.0,0.0
2021-01-07,2.3499999046325684,2.3499999046325684,2.3499999046325684,2.3499999046325684,0.0,0.0,0.0
2021-01-08,2.3499999046325684,2.3499999046325684,2.3499999046325684,2.3499999046325684,150.0,0.0,0.0
2021-01-11,2.450000047683716,2.450000047683716,2.299999952316284,2.3499999046325684,20050.0,0.0,0.0
2021-01-12,2.3499999046325684,2.3499999046325684,2.25,2.25,9400.0,0.0,0.0
2021-01-13,2.1500000953674316,2.3499999046325684,2.1500000953674316,2.1500000953674316,10890.0,0.0,0.0
2021-01-14,2.25,2.25,2.25,2.25,10000.0,0.0,0.0
2021-01-15,2.3499999046325684,2.3499999046325684,2.25,2.25,491.0,0.0,0.0
2021-01-18,2.25,2.25,2.25,2.25,807.0,0.0,0.0
2021-01-19,2.25,2.25,2.25,2.25,400.0,0.0,0.0
2021-01-20,2.1500000953674316,2.3499999046325684,2.1500000953674316,2.3499999046325684,387.0,0.0,0.0
2021-01-21,2.25,2.299999952316284,2.25,2.25,564.0,0.0,0.0
2021-01-22,2.3499999046325684,2.3499999046325684,2.1500000953674316,2.1500000953674316,5350.0,0.0,0.0
2021-01-25,2.25,2.25,2.0999999046325684,2.0999999046325684,546.0,0.0,0.0
2021-01-27,2.0,2.0999999046325684,2.0,2.0,12368.0,0.0,0.0
2021-01-28,2.049999952316284,2.0999999046325684,1.899999976158142,1.899999976158142,2938.0,0.0,0.0
2021-01-29,1.850000023841858,1.850000023841858,1.850000023841858,1.850000023841858,3253.0,0.0,0.0
2021-02-01,1.850000023841858,1.850000023841858,1.850000023841858,1.850000023841858,260.0,0.0,0.0
2021-02-02,1.850000023841858,1.850000023841858,1.850000023841858,1.850000023841858,120.0,0.0,0.0
2021-02-03,1.850000023841858,1.850000023841858,1.850000023841858,1.850000023841858,626.0,0.0,0.0
2021-02-04,1.850000023841858,1.850000023841858,1.850000023841858,1.850000023841858,500.0,0.0,0.0
2021-02-05,1.899999976158142,1.899999976158142,1.899999976158142,1.899999976158142,225.0,0.0,0.0
2021-02-08,1.9500000476837158,1.9500000476837158,1.9500000476837158,1.9500000476837158,1232.0,0.0,0.0
2021-02-09,2.0,2.0,2.0,2.0,652.0,0.0,0.0
2021-02-10,2.0999999046325684,2.0999999046325684,2.0999999046325684,2.0999999046325684,1.0,0.0,0.0
2021-02-11,2.0999999046325684,2.0999999046325684,2.0999999046325684,2.0999999046325684,0.0,0.0,0.0
2021-02-12,2.299999952316284,2.299999952316284,2.299999952316284,2.299999952316284,306.0,0.0,0.0
2021-02-15,2.4000000953674316,2.4000000953674316,2.4000000953674316,2.4000000953674316,1283.0,0.0,0.0
2021-02-16,2.5,2.5,2.5,2.5,1.0,0.0,0.0
2021-02-17,2.5999999046325684,2.5999999046325684,2.5999999046325684,2.5999999046325684,2448.0,0.0,0.0
2021-02-18,2.700000047683716,2.700000047683716,2.700000047683716,2.700000047683716,1554.0,0.0,0.0
2021-02-19,2.799999952316284,2.799999952316284,2.799999952316284,2.799999952316284,50.0,0.0,0.0
2021-02-22,2.9000000953674316,2.9000000953674316,2.9000000953674316,2.9000000953674316,740.0,0.0,0.0
2021-02-23,3.0,3.0,3.0,3.0,461.0,0.0,0.0
2021-02-24,3.1500000953674316,3.1500000953674316,3.1500000953674316,3.1500000953674316,500.0,0.0,0.0
2021-02-25,3.299999952316284,3.299999952316284,3.299999952316284,3.299999952316284,616.0,0.0,0.0
2021-02-26,3.450000047683716,3.450000047683716,3.450000047683716,3.450000047683716,825.0,0.0,0.0
2021-03-01,3.5999999046325684,3.5999999046325684,3.5999999046325684,3.5999999046325684,150.0,0.0,0.0
2021-03-02,3.75,3.75,3.75,3.75,76.0,0.0,0.0
2021-03-03,3.75,3.75,3.75,3.75,0.0,0.0,0.0
2021-03-04,4.050000190734863,4.050000190734863,4.050000190734863,4.050000190734863,26801.0,0.0,0.0
2021-03-05,4.25,4.25,4.25,4.25,3275.0,0.0,0.0
2021-03-08,4.449999809265137,4.449999809265137,4.449999809265137,4.449999809265137,10769.0,0.0,0.0
2021-03-09,4.650000095367432,4.650000095367432,4.650000095367432,4.650000095367432,1402.0,0.0,0.0
2021-03-10,4.650000095367432,4.650000095367432,4.650000095367432,4.650000095367432,0.0,0.0,0.0
2021-03-12,5.050000190734863,5.050000190734863,5.050000190734863,5.050000190734863,738.0,0.0,0.0
2021-03-15,5.300000190734863,5.300000190734863,5.300000190734863,5.300000190734863,801.0,0.0,0.0
2021-03-16,5.550000190734863,5.550000190734863,5.550000190734863,5.550000190734863,1000.0,0.0,0.0
2021-03-17,5.800000190734863,5.800000190734863,5.800000190734863,5.800000190734863,300.0,0.0,0.0
2021-03-18,6.050000190734863,6.050000190734863,6.050000190734863,6.050000190734863,1216.0,0.0,0.0
2021-03-19,6.349999904632568,6.349999904632568,6.349999904632568,6.349999904632568,150.0,0.0,0.0
2021-03-22,6.650000095367432,6.650000095367432,6.650000095367432,6.650000095367432,200.0,0.0,0.0
2021-03-23,6.949999809265137,6.949999809265137,6.949999809265137,6.949999809265137,1129.0,0.0,0.0
2021-03-24,6.949999809265137,6.949999809265137,6.949999809265137,6.949999809265137,0.0,0.0,0.0
2021-03-25,7.25,7.25,7.25,7.25,813.0,0.0,0.0
2021-03-26,7.599999904632568,7.599999904632568,7.599999904632568,7.599999904632568,76.0,0.0,0.0
2021-03-30,7.949999809265137,7.949999809265137,7.949999809265137,7.949999809265137,600.0,0.0,0.0
2021-03-31,8.300000190734863,8.300000190734863,8.300000190734863,8.300000190734863,609.0,0.0,0.0
2021-04-01,8.699999809265137,8.699999809265137,8.699999809265137,8.699999809265137,229.0,0.0,0.0
2021-04-05,8.699999809265137,8.699999809265137,8.699999809265137,8.699999809265137,0.0,0.0,0.0
2021-04-06,9.550000190734863,9.550000190734863,9.550000190734863,9.550000190734863,50.0,0.0,0.0
2021-04-07,10.0,10.0,10.0,10.0,102.0,0.0,0.0
2021-04-08,10.5,10.5,10.5,10.5,800.0,0.0,0.0
2021-04-09,11.0,11.0,11.0,11.0,6202.0,0.0,0.0
2021-04-12,11.550000190734863,11.550000190734863,11.550000190734863,11.550000190734863,2659.0,0.0,0.0
2021-04-13,12.100000381469727,12.100000381469727,12.100000381469727,12.100000381469727,3491.0,0.0,0.0
2021-04-15,12.699999809265137,12.699999809265137,11.550000190734863,11.899999618530273,24128.0,0.0,0.0
2021-04-16,11.350000381469727,12.449999809265137,11.350000381469727,11.350000381469727,22584.0,0.0,0.0
2021-04-19,10.800000190734863,10.800000190734863,10.800000190734863,10.800000190734863,1494.0,0.0,0.0
2021-04-20,10.300000190734863,10.300000190734863,10.300000190734863,10.300000190734863,3264.0,0.0,0.0
2021-04-22,9.800000190734863,9.800000190734863,9.800000190734863,9.800000190734863,1363.0,0.0,0.0
2021-04-23,9.350000381469727,9.350000381469727,9.350000381469727,9.350000381469727,1511.0,0.0,0.0
2021-04-26,8.899999618530273,8.899999618530273,8.899999618530273,8.899999618530273,2146.0,0.0,0.0
2021-04-27,8.5,8.5,8.5,8.5,4036.0,0.0,0.0
2021-04-28,8.100000381469727,8.350000381469727,8.100000381469727,8.100000381469727,4061.0,0.0,0.0
2021-04-29,7.699999809265137,7.699999809265137,7.699999809265137,7.699999809265137,3108.0,0.0,0.0
2021-04-30,7.349999904632568,7.349999904632568,7.349999904632568,7.349999904632568,3675.0,0.0,0.0
2021-05-03,7.199999809265137,7.199999809265137,7.0,7.0,2538.0,0.0,0.0
2021-05-04,7.0,7.0,6.650000095367432,6.650000095367432,6200.0,0.0,0.0
2021-05-05,6.349999904632568,6.900000095367432,6.349999904632568,6.400000095367432,16850.0,0.0,0.0
2021-05-06,6.400000095367432,6.699999809265137,6.300000190734863,6.650000095367432,7411.0,0.0,0.0
2021-05-07,6.400000095367432,6.949999809265137,6.349999904632568,6.949999809265137,9018.0,0.0,0.0
2021-05-10,7.25,7.25,7.25,7.25,2467.0,0.0,0.0
2021-05-11,7.599999904632568,7.599999904632568,7.099999904632568,7.599999904632568,12152.0,0.0,0.0
2021-05-12,7.949999809265137,7.949999809265137,7.949999809265137,7.949999809265137,790.0,0.0,0.0
2021-05-14,8.300000190734863,8.300000190734863,8.300000190734863,8.300000190734863,1433.0,0.0,0.0
2021-05-17,8.699999809265137,8.699999809265137,8.699999809265137,8.699999809265137,3042.0,0.0,0.0
2021-05-18,9.100000381469727,9.100000381469727,9.100000381469727,9.100000381469727,1393.0,0.0,0.0
2021-05-19,9.550000190734863,9.550000190734863,9.550000190734863,9.550000190734863,683.0,0.0,0.0
2021-05-20,10.0,10.0,9.100000381469727,9.75,25092.0,0.0,0.0
2021-05-21,10.0,10.199999809265137,9.300000190734863,9.300000190734863,4265.0,0.0,0.0
2021-05-24,9.300000190734863,9.75,8.850000381469727,8.850000381469727,7490.0,0.0,0.0
2021-05-25,8.75,8.75,8.449999809265137,8.449999809265137,1630.0,0.0,0.0
2021-05-26,8.050000190734863,8.850000381469727,8.050000190734863,8.5,15232.0,0.0,0.0
2021-05-27,8.850000381469727,8.899999618530273,8.100000381469727,8.199999809265137,4819.0,0.0,0.0
2021-05-28,8.199999809265137,8.449999809265137,7.800000190734863,7.849999904632568,5169.0,0.0,0.0
2021-05-31,7.849999904632568,8.149999618530273,7.849999904632568,8.149999618530273,2655.0,0.0,0.0
2021-06-01,8.149999618530273,8.399999618530273,7.75,7.849999904632568,8973.0,0.0,0.0
2021-06-02,7.75,8.149999618530273,7.5,7.5,8974.0,0.0,0.0
2021-06-03,7.849999904632568,7.849999904632568,7.150000095367432,7.599999904632568,12003.0,0.0,0.0
2021-06-04,7.650000095367432,7.949999809265137,7.650000095367432,7.849999904632568,3497.0,0.0,0.0
2021-06-07,8.199999809265137,8.199999809265137,7.599999904632568,7.75,3585.0,0.0,0.0
2021-06-08,7.5,8.100000381469727,7.5,7.900000095367432,2889.0,0.0,0.0
2021-06-09,7.900000095367432,8.25,7.800000190734863,7.900000095367432,5903.0,0.0,0.0
2021-06-10,8.149999618530273,8.25,7.699999809265137,7.900000095367432,7419.0,0.0,0.0
2021-06-11,8.25,8.25,7.849999904632568,7.949999809265137,2772.0,0.0,0.0
2021-06-14,8.0,8.25,7.75,8.0,4469.0,0.0,0.0
2021-06-15,7.800000190734863,8.399999618530273,7.800000190734863,8.149999618530273,5771.0,0.0,0.0
2021-06-16,8.350000381469727,8.5,7.800000190734863,8.149999618530273,2412.0,0.0,0.0
2021-06-17,8.149999618530273,8.399999618530273,7.800000190734863,8.350000381469727,5850.0,0.0,0.0
2021-06-18,8.350000381469727,8.699999809265137,8.0,8.449999809265137,13052.0,0.0,0.0
2021-06-21,8.649999618530273,8.649999618530273,8.050000190734863,8.300000190734863,2574.0,0.0,0.0
2021-06-22,8.5,8.5,8.050000190734863,8.100000381469727,3177.0,0.0,0.0
2021-06-23,8.350000381469727,8.5,7.900000095367432,8.050000190734863,6861.0,0.0,0.0
2021-06-24,7.900000095367432,8.399999618530273,7.849999904632568,8.25,2784.0,0.0,0.0
2021-06-25,8.550000190734863,8.600000381469727,8.100000381469727,8.600000381469727,12234.0,0.0,0.0
2021-06-28,9.0,9.0,9.0,9.0,7710.0,0.0,0.0
2021-06-29,9.449999809265137,9.449999809265137,9.0,9.449999809265137,8878.0,0.0,0.0
2021-06-30,9.899999618530273,9.899999618530273,9.5,9.899999618530273,7450.0,0.0,0.0
2021-07-01,10.350000381469727,10.350000381469727,9.449999809265137,9.449999809265137,9081.0,0.0,0.0
2021-07-02,9.449999809265137,9.449999809265137,9.0,9.0,6911.0,0.0,0.0
2021-07-05,8.550000190734863,8.850000381469727,8.550000190734863,8.699999809265137,6270.0,0.0,0.0
2021-07-06,8.300000190734863,8.949999809265137,8.300000190734863,8.649999618530273,1982.0,0.0,0.0
2021-07-07,8.649999618530273,8.649999618530273,8.449999809265137,8.5,5093.0,0.0,0.0
2021-07-08,8.5,8.5,8.100000381469727,8.149999618530273,1220.0,0.0,0.0
2021-07-09,7.800000190734863,8.5,7.75,7.75,4277.0,0.0,0.0
2021-07-12,7.949999809265137,8.100000381469727,7.400000095367432,7.5,18388.0,0.0,0.0
2021-07-13,7.400000095367432,7.800000190734863,7.150000095367432,7.349999904632568,11338.0,0.0,0.0
2021-07-14,7.0,7.699999809265137,7.0,7.199999809265137,10165.0,0.0,0.0
2021-07-15,7.050000190734863,7.050000190734863,6.849999904632568,6.900000095367432,8636.0,0.0,0.0
2021-07-16,6.699999809265137,7.199999809265137,6.599999904632568,7.199999809265137,19836.0,0.0,0.0
2021-07-19,7.5,7.550000190734863,7.5,7.550000190734863,1641.0,0.0,0.0
2021-07-20,7.699999809265137,7.900000095367432,7.199999809265137,7.900000095367432,17431.0,0.0,0.0
2021-07-22,7.550000190734863,8.25,7.550000190734863,8.149999618530273,11870.0,0.0,0.0
2021-07-23,8.149999618530273,8.149999618530273,7.800000190734863,7.900000095367432,2359.0,0.0,0.0
2021-07-26,7.75,7.75,7.550000190734863,7.550000190734863,2591.0,0.0,0.0
2021-07-27,7.699999809265137,7.900000095367432,7.199999809265137,7.300000190734863,25043.0,0.0,0.0
2021-07-28,7.650000095367432,7.650000095367432,6.949999809265137,7.400000095367432,7892.0,0.0,0.0
2021-07-29,7.650000095367432,7.699999809265137,7.25,7.5,1569.0,0.0,0.0
2021-07-30,7.650000095367432,7.650000095367432,7.150000095367432,7.199999809265137,2117.0,0.0,0.0
2021-08-02,7.199999809265137,7.5,7.0,7.400000095367432,2118.0,0.0,0.0
2021-08-03,7.099999904632568,7.550000190734863,7.050000190734863,7.050000190734863,6969.0,0.0,0.0
2021-08-04,7.0,7.400000095367432,7.0,7.050000190734863,5095.0,0.0,0.0
2021-08-05,7.300000190734863,7.300000190734863,6.699999809265137,6.949999809265137,9220.0,0.0,0.0
2021-08-06,6.699999809265137,7.150000095367432,6.650000095367432,6.699999809265137,1828.0,0.0,0.0
2021-08-09,6.699999809265137,7.0,6.400000095367432,6.449999809265137,4674.0,0.0,0.0
2021-08-10,6.449999809265137,6.550000190734863,6.199999809265137,6.25,4337.0,0.0,0.0
2021-08-11,6.5,6.5,5.949999809265137,5.949999809265137,2727.0,0.0,0.0
2021-08-12,5.949999809265137,6.199999809265137,5.800000190734863,6.199999809265137,3730.0,0.0,0.0
2021-08-13,5.949999809265137,6.199999809265137,5.900000095367432,6.099999904632568,3547.0,0.0,0.0
2021-08-16,6.150000095367432,6.150000095367432,5.900000095367432,5.900000095367432,1286.0,0.0,0.0
2021-08-17,5.900000095367432,6.050000190734863,5.900000095367432,6.0,2510.0,0.0,0.0
2021-08-18,5.900000095367432,6.199999809265137,5.900000095367432,6.199999809265137,531.0,0.0,0.0
2021-08-20,6.199999809265137,6.199999809265137,5.900000095367432,6.099999904632568,342.0,0.0,0.0
2021-08-23,6.349999904632568,6.349999904632568,5.800000190734863,6.0,10227.0,0.0,0.0
2021-08-24,6.0,6.0,6.0,6.0,671.0,0.0,0.0
2021-08-25,5.699999809265137,5.900000095367432,5.699999809265137,5.900000095367432,5046.0,0.0,0.0
2021-08-26,5.75,6.150000095367432,5.75,5.849999904632568,2104.0,0.0,0.0
2021-08-27,5.900000095367432,5.900000095367432,5.900000095367432,5.900000095367432,55.0,0.0,0.0
2021-08-30,6.050000190734863,6.050000190734863,5.650000095367432,6.0,1657.0,0.0,0.0
2021-08-31,6.0,6.050000190734863,5.699999809265137,5.75,1592.0,0.0,0.0
2021-09-01,5.949999809265137,6.0,5.5,5.900000095367432,3578.0,0.0,0.0
2021-09-02,5.650000095367432,5.949999809265137,5.650000095367432,5.949999809265137,960.0,0.0,0.0
2021-09-03,6.199999809265137,6.199999809265137,5.900000095367432,6.099999904632568,1814.0,0.0,0.0
2021-09-06,6.099999904632568,6.400000095367432,6.099999904632568,6.349999904632568,2832.0,0.0,0.0
2021-09-07,6.550000190734863,6.550000190734863,6.300000190734863,6.300000190734863,149.0,0.0,0.0
2021-09-08,6.300000190734863,6.349999904632568,6.0,6.349999904632568,811.0,0.0,0.0
2021-09-09,6.5,6.5,6.099999904632568,6.199999809265137,2258.0,0.0,0.0
2021-09-13,6.0,6.449999809265137,6.0,6.25,744.0,0.0,0.0
2021-09-14,6.25,6.400000095367432,6.0,6.0,860.0,0.0,0.0
2021-09-15,6.0,6.300000190734863,6.0,6.300000190734863,1515.0,0.0,0.0
2021-09-16,6.400000095367432,6.5,6.400000095367432,6.5,4417.0,0.0,0.0
2021-09-17,6.699999809265137,6.699999809265137,6.25,6.25,2242.0,0.0,0.0
2021-09-20,6.050000190734863,6.550000190734863,6.050000190734863,6.25,4267.0,0.0,0.0
2021-09-21,6.400000095367432,6.550000190734863,6.050000190734863,6.199999809265137,1624.0,0.0,0.0
2021-09-22,6.449999809265137,6.5,6.449999809265137,6.449999809265137,3146.0,0.0,0.0
2021-09-23,6.449999809265137,6.75,6.150000095367432,6.699999809265137,10324.0,0.0,0.0
2021-09-24,6.400000095367432,6.550000190734863,6.400000095367432,6.400000095367432,3369.0,0.0,0.0
2021-09-27,6.099999904632568,6.199999809265137,6.099999904632568,6.199999809265137,1028.0,0.0,0.0
2021-09-28,6.150000095367432,6.5,6.150000095367432,6.5,948.0,0.0,0.0
2021-09-29,6.599999904632568,6.699999809265137,6.449999809265137,6.699999809265137,3725.0,0.0,0.0
2021-09-30,6.949999809265137,7.0,6.75,6.75,2662.0,0.0,0.0
2021-10-01,6.449999809265137,6.900000095367432,6.449999809265137,6.849999904632568,1783.0,0.0,0.0
2021-10-04,6.75,7.150000095367432,6.599999904632568,7.0,3193.0,0.0,0.0
2021-10-05,7.150000095367432,7.150000095367432,6.650000095367432,6.900000095367432,1885.0,0.0,0.0
2021-10-06,6.849999904632568,7.0,6.599999904632568,7.0,2806.0,0.0,0.0
2021-10-07,7.150000095367432,7.25,6.650000095367432,6.949999809265137,3428.0,0.0,0.0
2021-10-08,7.199999809265137,7.199999809265137,6.650000095367432,7.0,2001.0,0.0,0.0
2021-10-11,7.150000095367432,7.199999809265137,7.150000095367432,7.150000095367432,539.0,0.0,0.0
2021-10-12,7.449999809265137,7.449999809265137,7.0,7.25,4634.0,0.0,0.0
2021-10-13,7.25,7.5,6.900000095367432,7.300000190734863,5121.0,0.0,0.0
2021-10-14,7.650000095367432,7.650000095367432,6.949999809265137,7.0,8730.0,0.0,0.0
2021-10-18,7.349999904632568,7.349999904632568,7.0,7.050000190734863,4229.0,0.0,0.0
2021-10-19,7.0,7.0,6.699999809265137,6.849999904632568,499.0,0.0,0.0
2021-10-20,6.849999904632568,6.849999904632568,6.550000190734863,6.550000190734863,861.0,0.0,0.0
2021-10-21,6.699999809265137,6.699999809265137,6.5,6.5,1049.0,0.0,0.0
2021-10-22,6.199999809265137,6.5,6.199999809265137,6.5,1640.0,0.0,0.0
2021-10-25,6.400000095367432,6.800000190734863,6.199999809265137,6.699999809265137,2188.0,0.0,0.0
2021-10-26,6.75,6.800000190734863,6.400000095367432,6.650000095367432,2893.0,0.0,0.0
2021-10-27,6.849999904632568,6.849999904632568,6.349999904632568,6.400000095367432,2155.0,0.0,0.0
2021-10-28,6.550000190734863,6.550000190734863,6.199999809265137,6.199999809265137,1729.0,0.0,0.0
2021-10-29,5.949999809265137,6.449999809265137,5.949999809265137,5.949999809265137,937.0,0.0,0.0
2021-11-01,6.0,6.0,5.800000190734863,5.949999809265137,1522.0,0.0,0.0
2021-11-02,6.099999904632568,6.199999809265137,5.949999809265137,6.0,2309.0,0.0,0.0
2021-11-03,6.199999809265137,6.199999809265137,6.050000190734863,6.050000190734863,1109.0,0.0,0.0
2021-11-04,6.300000190734863,6.349999904632568,6.300000190734863,6.349999904632568,883.0,0.0,0.0
2021-11-08,6.5,6.650000095367432,6.199999809265137,6.25,3437.0,0.0,0.0
2021-11-09,6.199999809265137,6.550000190734863,6.050000190734863,6.050000190734863,963.0,0.0,0.0
2021-11-10,6.0,6.349999904632568,6.0,6.349999904632568,1742.0,0.0,0.0
2021-11-11,6.349999904632568,6.650000095367432,6.050000190734863,6.5,3028.0,0.0,0.0
2021-11-12,6.5,6.75,6.5,6.5,1642.0,0.0,0.0
2021-11-15,6.5,6.800000190734863,6.25,6.800000190734863,1711.0,0.0,0.0
2021-11-16,6.900000095367432,7.099999904632568,6.5,7.099999904632568,13238.0,0.0,0.0
2021-11-17,7.25,7.449999809265137,7.150000095367432,7.300000190734863,13995.0,0.0,0.0
2021-11-18,7.650000095367432,7.650000095367432,7.050000190734863,7.599999904632568,4788.0,0.0,0.0
2021-11-22,7.599999904632568,7.599999904632568,7.25,7.25,3086.0,0.0,0.0
2021-11-23,7.25,7.25,7.25,7.25,0.0,0.0,0.0
2021-11-24,7.25,7.25,7.25,7.25,0.0,0.0,0.0
2021-11-25,7.25,7.25,7.25,7.25,0.0,0.0,0.0
2021-11-26,7.25,7.25,7.25,7.25,0.0,0.0,0.0
2021-11-29,6.900000095367432,6.900000095367432,6.900000095367432,6.900000095367432,366.0,0.0,0.0
2021-11-30,6.900000095367432,6.900000095367432,6.900000095367432,6.900000095367432,0.0,0.0,0.0
2021-12-01,6.900000095367432,6.900000095367432,6.900000095367432,6.900000095367432,0.0,0.0,0.0
2021-12-02,6.900000095367432,6.900000095367432,6.900000095367432,6.900000095367432,0.0,0.0,0.0
2021-12-03,6.900000095367432,6.900000095367432,6.900000095367432,6.900000095367432,0.0,0.0,0.0
2021-12-06,6.599999904632568,6.599999904632568,6.599999904632568,6.599999904632568,1481.0,0.0,0.0
2021-12-07,6.599999904632568,6.599999904632568,6.599999904632568,6.599999904632568,0.0,0.0,0.0
2021-12-08,6.599999904632568,6.599999904632568,6.599999904632568,6.599999904632568,0.0,0.0,0.0
2021-12-09,6.599999904632568,6.599999904632568,6.599999904632568,6.599999904632568,0.0,0.0,0.0
2021-12-10,6.599999904632568,6.599999904632568,6.599999904632568,6.599999904632568,0.0,0.0,0.0
2021-12-13,6.599999904632568,6.599999904632568,6.300000190734863,6.300000190734863,1824.0,0.0,0.0
2021-12-14,6.300000190734863,6.300000190734863,6.300000190734863,6.300000190734863,0.0,0.0,0.0
2021-12-15,6.300000190734863,6.300000190734863,6.300000190734863,6.300000190734863,0.0,0.0,0.0
2021-12-16,6.300000190734863,6.300000190734863,6.300000190734863,6.300000190734863,0.0,0.0,0.0
2021-12-17,6.300000190734863,6.300000190734863,6.300000190734863,6.300000190734863,0.0,0.0,0.0
2021-12-20,6.599999904632568,6.599999904632568,6.0,6.0,4921.0,0.0,0.0
2021-12-21,6.0,6.0,6.0,6.0,0.0,0.0,0.0
2021-12-22,6.0,6.0,6.0,6.0,0.0,0.0,0.0
2021-12-23,6.0,6.0,6.0,6.0,0.0,0.0,0.0
2021-12-24,6.0,6.0,6.0,6.0,0.0,0.0,0.0
2021-12-27,5.699999809265137,5.699999809265137,5.699999809265137,5.699999809265137,2191.0,0.0,0.0
2021-12-28,5.699999809265137,5.699999809265137,5.699999809265137,5.699999809265137,0.0,0.0,0.0
2021-12-29,5.699999809265137,5.699999809265137,5.699999809265137,5.699999809265137,0.0,0.0,0.0
2021-12-30,5.699999809265137,5.699999809265137,5.699999809265137,5.699999809265137,0.0,0.0,0.0
2021-12-31,5.699999809265137,5.699999809265137,5.699999809265137,5.699999809265137,0.0,0.0,0.0
2022-01-03,5.449999809265137,5.949999809265137,5.449999809265137,5.949999809265137,10350.0,0.0,0.0
2022-01-04,5.949999809265137,5.949999809265137,5.949999809265137,5.949999809265137,0.0,0.0,0.0
2022-01-05,5.949999809265137,5.949999809265137,5.949999809265137,5.949999809265137,0.0,0.0,0.0
2022-01-06,5.949999809265137,5.949999809265137,5.949999809265137,5.949999809265137,0.0,0.0,0.0
2022-01-07,5.949999809265137,5.949999809265137,5.949999809265137,5.949999809265137,0.0,0.0,0.0
2022-01-10,5.949999809265137,6.199999809265137,5.699999809265137,6.150000095367432,20675.0,0.0,0.0
2022-01-11,6.150000095367432,6.150000095367432,6.150000095367432,6.150000095367432,0.0,0.0,0.0
2022-01-12,6.150000095367432,6.150000095367432,6.150000095367432,6.150000095367432,0.0,0.0,0.0
2022-01-13,6.150000095367432,6.150000095367432,6.150000095367432,6.150000095367432,0.0,0.0,0.0
2022-01-14,6.150000095367432,6.150000095367432,6.150000095367432,6.150000095367432,0.0,0.0,0.0
2022-01-17,6.300000190734863,6.300000190734863,5.849999904632568,5.849999904632568,9147.0,0.0,0.0
2022-01-18,5.849999904632568,5.849999904632568,5.849999904632568,5.849999904632568,0.0,0.0,0.0
2022-01-19,5.849999904632568,5.849999904632568,5.849999904632568,5.849999904632568,0.0,0.0,0.0
2022-01-20,5.849999904632568,5.849999904632568,5.849999904632568,5.849999904632568,0.0,0.0,0.0
2022-01-21,5.849999904632568,5.849999904632568,5.849999904632568,5.849999904632568,0.0,0.0,0.0
2022-01-24,6.099999904632568,6.099999904632568,5.599999904632568,5.599999904632568,21438.0,0.0,0.0
2022-01-25,5.599999904632568,5.599999904632568,5.599999904632568,5.599999904632568,0.0,0.0,0.0
2022-01-27,5.599999904632568,5.599999904632568,5.599999904632568,5.599999904632568,0.0,0.0,0.0
2022-01-28,5.599999904632568,5.599999904632568,5.599999904632568,5.599999904632568,0.0,0.0,0.0
2022-01-31,5.349999904632568,5.849999904632568,5.349999904632568,5.349999904632568,8901.0,0.0,0.0
2022-02-01,5.349999904632568,5.349999904632568,5.349999904632568,5.349999904632568,0.0,0.0,0.0
2022-02-02,5.349999904632568,5.349999904632568,5.349999904632568,5.349999904632568,0.0,0.0,0.0
2022-02-03,5.349999904632568,5.349999904632568,5.349999904632568,5.349999904632568,0.0,0.0,0.0
2022-02-04,5.349999904632568,5.349999904632568,5.349999904632568,5.349999904632568,0.0,0.0,0.0
2022-02-07,5.349999904632568,5.599999904632568,5.099999904632568,5.099999904632568,5101.0,0.0,0.0
2022-02-08,5.099999904632568,5.099999904632568,5.099999904632568,5.099999904632568,0.0,0.0,0.0
2022-02-09,5.099999904632568,5.099999904632568,5.099999904632568,5.099999904632568,0.0,0.0,0.0
2022-02-10,5.099999904632568,5.099999904632568,5.099999904632568,5.099999904632568,0.0,0.0,0.0
2022-02-11,5.099999904632568,5.099999904632568,5.099999904632568,5.099999904632568,0.0,0.0,0.0
2022-02-14,4.849999904632568,5.349999904632568,4.849999904632568,4.849999904632568,5983.0,0.0,0.0
2022-02-15,4.849999904632568,4.849999904632568,4.849999904632568,4.849999904632568,0.0,0.0,0.0
2022-02-16,4.849999904632568,4.849999904632568,4.849999904632568,4.849999904632568,0.0,0.0,0.0
2022-02-17,4.849999904632568,4.849999904632568,4.849999904632568,4.849999904632568,0.0,0.0,0.0
2022-02-18,4.849999904632568,4.849999904632568,4.849999904632568,4.849999904632568,0.0,0.0,0.0
2022-02-21,5.050000190734863,5.050000190734863,4.650000095367432,5.0,1419.0,0.0,0.0
2022-02-22,5.0,5.0,5.0,5.0,0.0,0.0,0.0
2022-02-23,5.0,5.0,5.0,5.0,0.0,0.0,0.0
2022-02-24,5.0,5.0,5.0,5.0,0.0,0.0,0.0
2022-02-25,5.0,5.0,5.0,5.0,0.0,0.0,0.0
2022-02-28,5.0,5.25,4.75,5.25,1130.0,0.0,0.0
2022-03-02,5.25,5.25,5.25,5.25,0.0,0.0,0.0
2022-03-03,5.25,5.25,5.25,5.25,0.0,0.0,0.0
2022-03-04,5.25,5.25,5.25,5.25,0.0,0.0,0.0
2022-03-07,5.25,5.5,5.199999809265137,5.5,7167.0,0.0,0.0
2022-03-08,5.5,5.5,5.5,5.5,0.0,0.0,0.0
2022-03-09,5.5,5.5,5.5,5.5,0.0,0.0,0.0
2022-03-10,5.5,5.5,5.5,5.5,0.0,0.0,0.0
2022-03-11,5.75,5.75,5.75,5.75,2003.0,0.0,0.0
2022-03-14,6.0,6.0,6.0,6.0,19558.0,0.0,0.0
2022-03-15,6.300000190734863,6.300000190734863,6.300000190734863,6.300000190734863,6404.0,0.0,0.0
2022-03-16,6.599999904632568,6.599999904632568,6.599999904632568,6.599999904632568,53709.0,0.0,0.0
2022-03-17,6.900000095367432,6.900000095367432,6.599999904632568,6.900000095367432,129933.0,0.0,0.0
2022-03-21,7.199999809265137,7.199999809265137,7.199999809265137,7.199999809265137,2338.0,0.0,0.0
2022-03-22,7.550000190734863,7.550000190734863,6.849999904632568,6.849999904632568,155944.0,0.0,0.0
2022-03-23,6.550000190734863,6.550000190734863,6.550000190734863,6.550000190734863,10346.0,0.0,0.0
2022-03-24,6.25,6.849999904632568,6.25,6.400000095367432,242973.0,0.0,0.0
2022-03-25,6.099999904632568,6.300000190734863,6.099999904632568,6.099999904632568,16702.0,0.0,0.0
2022-03-28,5.800000190734863,5.800000190734863,5.800000190734863,5.800000190734863,14028.0,0.0,0.0
2022-03-29,5.550000190734863,6.050000190734863,5.550000190734863,5.949999809265137,36534.0,0.0,0.0
2022-03-30,6.199999809265137,6.199999809265137,5.800000190734863,6.199999809265137,17954.0,0.0,0.0
2022-03-31,6.5,6.5,5.949999809265137,6.449999809265137,22593.0,0.0,0.0
2022-04-01,6.449999809265137,6.75,6.199999809265137,6.199999809265137,33800.0,0.0,0.0
2022-04-04,6.199999809265137,6.449999809265137,5.949999809265137,5.949999809265137,12945.0,0.0,0.0
2022-04-05,6.199999809265137,6.199999809265137,5.949999809265137,6.199999809265137,19968.0,0.0,0.0
2022-04-06,6.449999809265137,6.5,5.949999809265137,6.300000190734863,82902.0,0.0,0.0
2022-04-07,6.5,6.800000190734863,6.099999904632568,6.449999809265137,81537.0,0.0,0.0
2022-04-08,6.849999904632568,7.050000190734863,6.349999904632568,7.050000190734863,28139.0,0.0,0.0
2022-04-11,7.050000190734863,7.050000190734863,7.050000190734863,7.050000190734863,0.0,0.0,0.0
2022-04-12,7.050000190734863,7.050000190734863,7.050000190734863,7.050000190734863,0.0,0.0,0.0
2022-04-13,7.050000190734863,7.050000190734863,7.050000190734863,7.050000190734863,0.0,0.0,0.0
2022-04-14,7.071935203880507,7.0593993263254715,7.136377319049889,7.0289054328802765,,,
2022-04-15,7.083540179427405,7.068632313734898,7.145438067032478,7.047216968135345,,,
2022-04-16,7.091799856543065,7.073265052603248,7.147104888723761,7.035101375411073,,,
